part_id,part_description,part_class,unit_of_measure,unit_cost,lead_time_days,reorder_point,on_hand_qty,revision,cage_code,drawing_number,material_spec,planner_code,buyer_code,safety_stock,active,created_at,commodity_code
P-10010,Titanium Bulkhead Frame 6Al-4V,MAKE,EA,4250.0,45,4467.18,62.0,A,59012,DWG-10010-A,AMS 4928,ENGINEERING,,1.0,1,2026-09-21 14:37:59,MACHINED-DETAIL
P-10011,Aluminum Rib Assembly 7075-T6,MAKE,EA,1875.0,30,4494.41,20.2,A,1HHH9,DWG-10011-A,AMS 2770,ENGINEERING,,1.0,1,2026-09-21 14:37:59,ASSEMBLY
P-10012,Stainless Steel Bracket 304 SS,MAKE,EA,320.0,14,432.2,19.8,A,59012,DWG-10012-A,ASTM A240,ENGINEERING,,1.0,1,2026-09-21 14:37:59,MACHINED-DETAIL
P-10013,Carbon Fiber Panel 0.063 thick,BUY,EA,2100.0,60,1586.6,41.1,A,K0579,DWG-10013-A,BMS 8-276,ENGINEERING,BUYER-2,1.0,1,2026-09-21 14:37:59,COMPOSITE
P-10014,Inconel 718 Turbine Blade Blank,BUY,EA,6800.0,90,17807.4,38.4,A,K0579,DWG-10014-A,AMS 5663,ENGINEERING,BUYER-9,1.0,1,2026-09-21 14:37:59,PURCHASED-COMPONENT
P-10015,Aluminum Extrusion 6061-T6 2x2,RAW,FT,18.5,10,43.0,55.9,A,1HHH9,,AMS 2770,ENGINEERING,,1.0,1,2026-09-21 14:37:59,RAW-METAL
P-10016,Ti-6Al-4V Bar Stock 1.5 dia,RAW,FT,145.0,21,101.07,32.9,A,59012,,AMS 4928,ENGINEERING,BUYER-9,1.0,1,2026-09-21 14:37:59,RAW-METAL
P-10017,Inconel Bar Stock 1.0 dia,RAW,FT,210.0,35,408.11,71.9,A,K0579,,AMS 5663,ENGINEERING,,1.0,1,2026-09-21 14:37:59,RAW-METAL
P-10018,304 SS Sheet 0.050 thick,RAW,LB,12.5,7,26.91,78.4,A,1HHH9,,ASTM A240,ENGINEERING,BUYER-1,1.0,1,2026-09-21 14:37:59,RAW-METAL
P-10019,MS35337 Washer Flat,HARDWARE,EA,0.08,3,0.21,87.3,A,32499,,MS35337,ENGINEERING,BUYER-9,1.0,1,2026-09-21 14:37:59,HARDWARE
P-10020,NAS1149 Washer Hi-Strength,HARDWARE,EA,0.45,5,0.54,65.4,A,59012,,NAS1149,ENGINEERING,BUYER-9,1.0,1,2026-09-21 14:37:59,HARDWARE
P-10021,AN3-5A Bolt 10-32x5/16,HARDWARE,EA,0.35,3,0.32,38.8,A,K0579,,AN SPEC,ENGINEERING,BUYER-1,1.0,1,2026-09-21 14:37:59,HARDWARE
P-10022,MS21042 Nut Self-Locking,HARDWARE,EA,0.55,3,1.24,69.9,A,F3234,,MS21042,ENGINEERING,,1.0,1,2026-09-21 14:37:59,HARDWARE
P-10023,Hi-Lok HL10-8-10 Fastener,HARDWARE,EA,2.2,7,4.45,21.3,A,32499,,HL SPEC,ENGINEERING,,1.0,1,2026-09-21 14:37:59,HARDWARE
P-10024,Machined Housing — Fuel Control,MAKE,EA,8500.0,60,7722.3,30.0,A,CAGE1,DWG-10024-A,AMS 4894,ENGINEERING,,1.0,1,2026-09-21 14:37:59,MACHINED-DETAIL
P-10025,Actuator Bracket Assembly,MAKE,EA,950.0,21,2100.96,87.1,A,CAGE1,DWG-10025-A,AMS 2770,ENGINEERING,,1.0,1,2026-09-21 14:37:59,ASSEMBLY
P-10026,Weldment — Thrust Reverser Link,MAKE,EA,3200.0,45,3432.38,8.0,A,1HHH9,DWG-10026-A,AMS 5510,ENGINEERING,,1.0,1,2026-09-21 14:37:59,MACHINED-DETAIL
P-10027,Anodize — Type II Alodine Coated,OUTSIDE_SERVICE,EA,85.0,5,109.53,30.4,A,,,,ENGINEERING,BUYER-5,1.0,1,2026-09-21 14:37:59,OSP-FINISHING
P-10028,Heat Treat — Solution + Age 6061,OUTSIDE_SERVICE,EA,45.0,3,46.24,94.6,A,,,AMS 2770,ENGINEERING,,1.0,1,2026-09-21 14:37:59,OSP-THERMAL
P-10029,NDT Inspection — Fluorescent Penetrant,OUTSIDE_SERVICE,EA,65.0,2,174.91,34.9,A,,,AMS 2647,ENGINEERING,,1.0,1,2026-09-21 14:37:59,OSP-NDT
P-10030,Chemical Film — Alodine 1200,OUTSIDE_SERVICE,EA,35.0,3,74.85,42.6,A,,,MIL-DTL-5541,ENGINEERING,BUYER-1,1.0,1,2026-09-21 14:37:59,OSP-FINISHING
P-10031,Seal Assembly — Hydraulic 3000PSI,BUY,EA,280.0,14,240.01,18.3,A,28143,DWG-10031-A,MS28774,ENGINEERING,BUYER-9,1.0,1,2026-09-21 14:37:59,SEAL
P-10032,Bearing — Angular Contact 25mm,BUY,EA,185.0,21,437.99,45.7,A,F3234,DWG-10032-A,ABMA 20,ENGINEERING,,1.0,1,2026-09-21 14:37:59,BEARING
P-10033,O-Ring AS568-214,HARDWARE,EA,1.2,3,1.69,99.7,A,59012,,AS568,ENGINEERING,BUYER-2,1.0,1,2026-09-21 14:37:59,HARDWARE
P-10034,Titanium Sheet 0.032 thick,RAW,LB,195.0,28,345.89,13.6,A,75272,,AMS 4901,ENGINEERING,BUYER-8,1.0,1,2026-09-21 14:37:59,RAW-METAL
P-10035,Kevlar Honeycomb Panel 1/4 cell,BUY,EA,1350.0,45,3581.22,19.5,A,1HHH9,DWG-10035-A,BMS 4-17,ENGINEERING,,1.0,1,2026-09-21 14:37:59,PURCHASED-COMPONENT
P-10036,Machined Spar Cap Al 7075,MAKE,EA,2800.0,35,6944.56,50.1,A,75272,DWG-10036-A,AMS 2770,ENGINEERING,,1.0,1,2026-09-21 14:37:59,MACHINED-DETAIL
P-10037,Composite Fuselage Skin Section,BUY,EA,9200.0,90,13449.65,37.6,A,32499,DWG-10037-A,BMS 8-79,ENGINEERING,BUYER-9,1.0,1,2026-09-21 14:37:59,COMPOSITE
P-10038,Hydraulic Fitting AN816-4D,HARDWARE,EA,12.5,5,22.78,97.3,A,28143,,AN816,ENGINEERING,BUYER-2,1.0,1,2026-09-21 14:37:59,HARDWARE
P-10039,Aluminum Casting LM Bracket,BUY,EA,420.0,30,924.3,15.9,A,1HHH9,DWG-10039-A,ASTM B85,ENGINEERING,BUYER-4,1.0,1,2026-09-21 14:37:59,CASTING
P-10040,Electrical Harness — Avionics Bay,BUY,EA,3600.0,60,8717.39,37.3,A,F3234,DWG-10040-A,MIL-W-22759,ENGINEERING,,1.0,1,2026-09-21 14:37:59,ELECTRICAL
C-20001,Carbide End Mill 0.500 4FL TiAlN,BUY,EA,42.5,5,67.44,48.1,A,F3234,DWG-20001-A,ISO 1832,ENGINEERING,BUYER-8,1.0,1,2026-09-21 14:37:59,TOOLING
C-20002,Coolant Concentrate Semi-Synthetic 55 Gal,BUY,DR,780.0,7,2285.18,77.4,A,F3234,DWG-20002-A,MIL-PRF-680,ENGINEERING,BUYER-1,1.0,1,2026-09-21 14:37:59,SHOP-SUPPLY
C-20003,Abrasive Disc 120 Grit 5 in (50 Pack),BUY,PK,28.4,5,76.01,33.4,A,32499,DWG-20003-A,ANSI B74.18,ENGINEERING,,1.0,1,2026-09-21 14:37:59,SHOP-SUPPLY
C-20004,CMM Stylus Ruby 4mm M3,BUY,EA,96.0,10,84.68,77.4,A,CAGE1,DWG-20004-A,ISO 10360,ENGINEERING,BUYER-2,1.0,1,2026-09-21 14:37:59,TOOLING
PN-10010,"Titanium Hex Bolt AN3-10A, 3/8-24 UNF",MAKE,EA,2.85,7,2.0,200.0,A,1LNK7,DWG-10010-A,AN3-10A,ENGINEERING,,1.0,1,2026-09-21 14:38:00,MACHINED-DETAIL
PN-10020,"Hydraulic Line Fitting MS21902D6, AN-6",MAKE,EA,14.5,14,0.0,0.0,A,81205,DWG-10020-A,MS21902,ENGINEERING,,1.0,1,2026-09-21 14:38:00,MACHINED-DETAIL
PN-10030,"Aluminum Alloy Sheet 2024-T3, 0.063"" x 12"" x 24""",MAKE,SHT,38.0,14,31.5,90.0,A,0V8H7,DWG-10030-A,2024-T3,ENGINEERING,,1.0,1,2026-09-21 14:38:00,MACHINED-DETAIL
PN-10040,"Inconel 718 Sheet, 0.050"" x 6"" x 12""",MAKE,SHT,210.0,30,16.3,46.6,A,1LNK7,DWG-10040-A,,ENGINEERING,,1.0,1,2026-09-21 14:38:00,MACHINED-DETAIL
PN-10050,"Precision Ball Bearing ABEC-7, 6205-2RS",MAKE,EA,22.4,14,6.3,17.9,A,81205,DWG-10050-A,ABEC-7,ENGINEERING,,1.0,1,2026-09-21 14:38:00,MACHINED-DETAIL
PN-10060,"Carbon Fiber Panel 3K Twill, 0.125"" x 12"" x 24""",MAKE,SHT,185.0,21,42.9,122.7,A,0V8H7,DWG-10060-A,,ENGINEERING,,1.0,1,2026-09-21 14:38:00,MACHINED-DETAIL
PN-10070,"Hydraulic Actuator Seal Kit, Parker A2K",MAKE,EA,67.0,21,23.5,67.1,A,1LNK7,DWG-10070-A,,ENGINEERING,,1.0,1,2026-09-21 14:38:00,MACHINED-DETAIL
PN-10080,"Fuel System O-Ring Kit, MIL-P-5510, Viton",MAKE,EA,31.5,14,11.6,33.1,A,81205,DWG-10080-A,MIL-P-5510,ENGINEERING,,1.0,1,2026-09-21 14:38:00,MACHINED-DETAIL
PN-10090,"Structural Rib Extrusion 7075-T6, 2"" x 1"" x 48""",MAKE,FT,92.0,21,34.0,97.2,A,0V8H7,DWG-10090-A,7075-T6,ENGINEERING,,1.0,1,2026-09-21 14:38:00,MACHINED-DETAIL
PN-10100,"Engine Mount Isolator, Lord J-9613-15",MAKE,EA,155.0,21,7.5,21.5,A,1LNK7,DWG-10100-A,,ENGINEERING,,1.0,1,2026-09-21 14:38:00,MACHINED-DETAIL
PN-10110,"Flight Control Rod End, AN490HT10",MAKE,EA,44.75,14,0.0,0.0,A,81205,DWG-10110-A,AN490HT10,ENGINEERING,,1.0,1,2026-09-21 14:38:00,MACHINED-DETAIL
PN-10120,"Avionics Mounting Tray, .063 Alum 6061-T6",MAKE,EA,28.0,14,0.0,0.0,A,0V8H7,DWG-10120-A,6061-T6,ENGINEERING,,1.0,1,2026-09-21 14:38:00,MACHINED-DETAIL
PN-10130,"Wing Spar Fitting 7050-T7451, LH",MAKE,EA,520.0,30,0.0,0.0,A,1LNK7,DWG-10130-A,7050-T7451,ENGINEERING,,1.0,1,2026-09-21 14:38:00,MACHINED-DETAIL
PN-10140,"Pressure Bulkhead Panel, Composite/Al Honeycomb",MAKE,SHT,890.0,30,5.3,15.2,A,81205,DWG-10140-A,,ENGINEERING,,1.0,1,2026-09-21 14:38:00,MACHINED-DETAIL
PN-10150,"NAS1149 Washer, Stainless 300 Series",MAKE,EA,0.45,7,33.9,97.0,A,0V8H7,DWG-10150-A,NAS1149,ENGINEERING,,1.0,1,2026-09-21 14:38:00,MACHINED-DETAIL
PN-10160,"Titanium Fastener Kit MS21250, 100pc",MAKE,EA,98.0,21,36.8,105.1,A,1LNK7,DWG-10160-A,MS21250,ENGINEERING,,1.0,1,2026-09-21 14:38:00,MACHINED-DETAIL
PN-10170,"Hydraulic Reservoir Fitting, Eaton 8-8 FJJX",MAKE,EA,19.8,14,4.1,11.8,A,81205,DWG-10170-A,,ENGINEERING,,1.0,1,2026-09-21 14:38:00,MACHINED-DETAIL
PN-10180,"Landing Gear Bracket 4340 Steel, Heat Treated",MAKE,EA,342.0,30,0.0,0.0,A,0V8H7,DWG-10180-A,,ENGINEERING,,1.0,1,2026-09-21 14:38:00,MACHINED-DETAIL
PN-10190,"Composite Fairing Panel, Glass/Epoxy 4-ply",MAKE,SHT,265.0,30,29.6,84.6,A,1LNK7,DWG-10190-A,,ENGINEERING,,1.0,1,2026-09-21 14:38:00,MACHINED-DETAIL
PN-10200,"Phenolic Insulation Block, MIL-I-24768, 2"" thick",MAKE,EA,55.0,21,14.4,41.2,A,81205,DWG-10200-A,MIL-I-24768,ENGINEERING,,1.0,1,2026-09-21 14:38:00,MACHINED-DETAIL
MCH-51001,"Longeron Splice, Fwd Fuselage",MAKE,EA,768.75,15,24.0,96.0,A,63656,DWG-MCH-51001,2024-T3,ENGINEERING,,1.0,1,2026-09-21 14:38:00,MACHINED-DETAIL
MCH-51002,"Torque Tube, Wing Station 42",MAKE,EA,770.34,9,7.0,137.0,B,84081,DWG-MCH-51002,304 SS,ENGINEERING,,1.0,1,2026-09-21 14:38:00,ASSEMBLY
MCH-51003,"Bulkhead Frame, Flap Track",MAKE,EA,945.77,13,18.0,164.0,C,50182,DWG-MCH-51003,AMS 4911,ENGINEERING,,1.0,1,2026-09-21 14:38:00,COMPOSITE
MCH-51004,"Hinge Fitting, Nacelle Assy",MAKE,EA,7.24,26,29.0,33.0,A,50643,DWG-MCH-51004,4130 Steel,ENGINEERING,,1.0,1,2026-09-21 14:38:00,MACHINED-DETAIL
MCH-51005,"Machined Rib, Empennage",MAKE,EA,141.99,21,36.0,152.0,A,57204,DWG-MCH-51005,7075-T7351,ENGINEERING,,1.0,1,2026-09-21 14:38:00,COMPOSITE
MCH-51006,"Spar Fitting, Center Wing Box",MAKE,EA,31.66,36,19.0,61.0,A,22605,DWG-MCH-51006,AMS 5510,ENGINEERING,,1.0,1,2026-09-21 14:38:00,COMPOSITE
MCH-51007,"Gusset Plate, Aft Pylon",MAKE,EA,605.81,38,38.0,146.0,B,24778,DWG-MCH-51007,AMS 5662,ENGINEERING,,1.0,1,2026-09-21 14:38:00,COMPOSITE
MCH-51008,"Actuator Bracket, MLG Bay",MAKE,EA,330.32,15,9.0,57.0,C,50503,DWG-MCH-51008,6061-T6,ENGINEERING,,1.0,1,2026-09-21 14:38:00,ASSEMBLY
MCH-51009,"Longeron Splice, Fwd Fuselage",MAKE,EA,848.91,42,40.0,176.0,A,77120,DWG-MCH-51009,2024-T3,ENGINEERING,,1.0,1,2026-09-21 14:38:00,COMPOSITE
MCH-51010,"Gusset Plate, Aft Pylon",MAKE,EA,290.93,11,38.0,242.0,C,80458,DWG-MCH-51010,AMS 5662,ENGINEERING,,1.0,1,2026-09-21 14:38:00,MACHINED-DETAIL
MCH-51011,"Spar Fitting, Center Wing Box",MAKE,EA,834.7,33,43.0,57.0,B,79533,DWG-MCH-51011,AMS 5510,ENGINEERING,,1.0,1,2026-09-21 14:38:00,ASSEMBLY
MCH-51012,"Machined Rib, Empennage",MAKE,EA,183.35,28,36.0,146.0,C,10180,DWG-MCH-51012,7075-T7351,ENGINEERING,,1.0,1,2026-09-21 14:38:00,MACHINED-DETAIL
MCH-51013,"Hinge Fitting, Nacelle Assy",MAKE,EA,287.64,35,5.0,213.0,A,13635,DWG-MCH-51013,4130 Steel,ENGINEERING,,1.0,1,2026-09-21 14:38:00,MACHINED-DETAIL
MCH-51014,"Bulkhead Frame, Flap Track",MAKE,EA,802.33,46,18.0,180.0,C,26742,DWG-MCH-51014,AMS 4911,ENGINEERING,,1.0,1,2026-09-21 14:38:00,MACHINED-DETAIL
MCH-51015,"Torque Tube, Wing Station 42",MAKE,EA,78.5,10,15.0,27.0,B,87985,DWG-MCH-51015,304 SS,ENGINEERING,,1.0,1,2026-09-21 14:38:00,MACHINED-DETAIL
MCH-51016,"Longeron Splice, Fwd Fuselage",MAKE,EA,595.47,26,24.0,238.0,B,86632,DWG-MCH-51016,2024-T3,ENGINEERING,,1.0,1,2026-09-21 14:38:00,ASSEMBLY
MCH-51017,"Actuator Bracket, MLG Bay",MAKE,EA,770.96,45,25.0,155.0,C,93407,DWG-MCH-51017,6061-T6,ENGINEERING,,1.0,1,2026-09-21 14:38:00,COMPOSITE
MCH-51018,"Gusset Plate, Aft Pylon",MAKE,EA,177.89,18,22.0,158.0,C,39538,DWG-MCH-51018,AMS 5662,ENGINEERING,,1.0,1,2026-09-21 14:38:00,MACHINED-DETAIL
MCH-51019,"Spar Fitting, Center Wing Box",MAKE,EA,819.82,37,35.0,121.0,C,87957,DWG-MCH-51019,AMS 5510,ENGINEERING,,1.0,1,2026-09-21 14:38:00,COMPOSITE
MCH-51020,"Machined Rib, Empennage",MAKE,EA,414.07,9,44.0,100.0,A,20292,DWG-MCH-51020,7075-T7351,ENGINEERING,,1.0,1,2026-09-21 14:38:00,ASSEMBLY
MCH-51021,"Hinge Fitting, Nacelle Assy",MAKE,EA,251.88,37,13.0,145.0,C,58771,DWG-MCH-51021,4130 Steel,ENGINEERING,,1.0,1,2026-09-21 14:38:00,ASSEMBLY
MCH-51022,"Gusset Plate, Aft Pylon",MAKE,EA,306.37,39,38.0,38.0,B,40714,DWG-MCH-51022,AMS 5662,ENGINEERING,,1.0,1,2026-09-21 14:38:00,COMPOSITE
MCH-51023,"Spar Fitting, Center Wing Box",MAKE,EA,850.38,32,35.0,33.0,B,68141,DWG-MCH-51023,AMS 5510,ENGINEERING,,1.0,1,2026-09-21 14:38:00,MACHINED-DETAIL
MCH-51024,"Longeron Splice, Fwd Fuselage",MAKE,EA,305.79,12,32.0,88.0,B,58696,DWG-MCH-51024,2024-T3,ENGINEERING,,1.0,1,2026-09-21 14:38:00,COMPOSITE
MCH-51025,"Actuator Bracket, MLG Bay",MAKE,EA,71.92,22,9.0,235.0,A,93935,DWG-MCH-51025,6061-T6,ENGINEERING,,1.0,1,2026-09-21 14:38:00,MACHINED-DETAIL
AVN-52001,"Duplex Bearing, MLG Bay",BUY,EA,439.28,16,9.0,77.0,B,96663,DWG-AVN-52001,,ENGINEERING,BUYER-9,1.0,1,2026-09-21 14:38:00,PURCHASED-COMPONENT
AVN-52002,"Wire Harness, Flap Track",BUY,EA,833.69,10,42.0,74.0,A,97598,DWG-AVN-52002,,ENGINEERING,BUYER-4,1.0,1,2026-09-21 14:38:00,ELECTRICAL
AVN-52003,"Static Seal, Wing Station 42",BUY,EA,168.34,25,23.0,225.0,C,24089,DWG-AVN-52003,,ENGINEERING,BUYER-1,1.0,1,2026-09-21 14:38:00,BEARING
AVN-52004,"Pressure Transducer, Empennage",BUY,EA,504.31,18,44.0,72.0,B,44396,DWG-AVN-52004,,ENGINEERING,BUYER-10,1.0,1,2026-09-21 14:38:00,SEAL
AVN-52005,"Position Sensor, Nacelle Assy",BUY,EA,93.0,28,37.0,93.0,B,76891,DWG-AVN-52005,,ENGINEERING,BUYER-9,1.0,1,2026-09-21 14:38:00,PURCHASED-COMPONENT
AVN-52006,"Relay Module, Aft Pylon",BUY,EA,190.37,43,22.0,118.0,C,91826,DWG-AVN-52006,,ENGINEERING,BUYER-2,1.0,1,2026-09-21 14:38:00,ELECTRICAL
AVN-52007,"Servo Valve, Center Wing Box",BUY,EA,873.9,29,27.0,117.0,C,54405,DWG-AVN-52007,,ENGINEERING,BUYER-3,1.0,1,2026-09-21 14:38:00,BEARING
AVN-52008,"Fuel Nozzle, Fwd Fuselage",BUY,EA,226.83,36,24.0,216.0,B,80808,DWG-AVN-52008,,ENGINEERING,BUYER-2,1.0,1,2026-09-21 14:38:00,SEAL
AVN-52009,"Duplex Bearing, MLG Bay",BUY,EA,362.0,44,25.0,225.0,A,83551,DWG-AVN-52009,,ENGINEERING,BUYER-5,1.0,1,2026-09-21 14:38:00,PURCHASED-COMPONENT
AVN-52010,"Servo Valve, Center Wing Box",BUY,EA,889.26,19,27.0,119.0,A,86245,DWG-AVN-52010,,ENGINEERING,BUYER-3,1.0,1,2026-09-21 14:38:00,BEARING
AVN-52011,"Relay Module, Aft Pylon",BUY,EA,571.89,29,30.0,56.0,B,43666,DWG-AVN-52011,,ENGINEERING,BUYER-8,1.0,1,2026-09-21 14:38:00,ELECTRICAL
AVN-52012,"Position Sensor, Nacelle Assy",BUY,EA,336.36,10,21.0,141.0,C,47131,DWG-AVN-52012,,ENGINEERING,BUYER-1,1.0,1,2026-09-21 14:38:00,PURCHASED-COMPONENT
AVN-52013,"Pressure Transducer, Empennage",BUY,EA,824.23,9,36.0,108.0,A,74476,DWG-AVN-52013,,ENGINEERING,BUYER-6,1.0,1,2026-09-21 14:38:00,SEAL
AVN-52014,"Static Seal, Wing Station 42",BUY,EA,733.7,15,7.0,47.0,C,19465,DWG-AVN-52014,,ENGINEERING,BUYER-7,1.0,1,2026-09-21 14:38:00,BEARING
AVN-52015,"Wire Harness, Flap Track",BUY,EA,98.89,26,18.0,32.0,B,39070,DWG-AVN-52015,,ENGINEERING,BUYER-8,1.0,1,2026-09-21 14:38:00,ELECTRICAL
AVN-52016,"Duplex Bearing, MLG Bay",BUY,EA,841.44,32,9.0,113.0,A,89047,DWG-AVN-52016,,ENGINEERING,BUYER-5,1.0,1,2026-09-21 14:38:00,PURCHASED-COMPONENT
AVN-52017,"Fuel Nozzle, Fwd Fuselage",BUY,EA,450.35,27,40.0,140.0,A,29696,DWG-AVN-52017,,ENGINEERING,BUYER-8,1.0,1,2026-09-21 14:38:00,SEAL
AVN-52018,"Servo Valve, Center Wing Box",BUY,EA,55.82,46,11.0,43.0,A,37453,DWG-AVN-52018,,ENGINEERING,BUYER-1,1.0,1,2026-09-21 14:38:00,BEARING
AVN-52019,"Relay Module, Aft Pylon",BUY,EA,588.37,38,38.0,92.0,B,35466,DWG-AVN-52019,,ENGINEERING,BUYER-10,1.0,1,2026-09-21 14:38:00,ELECTRICAL
AVN-52020,"Position Sensor, Nacelle Assy",BUY,EA,843.72,14,29.0,87.0,C,88299,DWG-AVN-52020,,ENGINEERING,BUYER-7,1.0,1,2026-09-21 14:38:00,PURCHASED-COMPONENT
AVN-52021,"Pressure Transducer, Empennage",BUY,EA,790.95,22,28.0,50.0,C,87180,DWG-AVN-52021,,ENGINEERING,BUYER-2,1.0,1,2026-09-21 14:38:00,SEAL
AVN-52022,"Servo Valve, Center Wing Box",BUY,EA,100.54,30,27.0,25.0,B,28405,DWG-AVN-52022,,ENGINEERING,BUYER-3,1.0,1,2026-09-21 14:38:00,BEARING
AVN-52023,"Relay Module, Aft Pylon",BUY,EA,98.53,34,14.0,152.0,A,81762,DWG-AVN-52023,,ENGINEERING,BUYER-6,1.0,1,2026-09-21 14:38:00,ELECTRICAL
AVN-52024,"Duplex Bearing, MLG Bay",BUY,EA,106.96,14,33.0,197.0,A,84311,DWG-AVN-52024,,ENGINEERING,BUYER-7,1.0,1,2026-09-21 14:38:00,PURCHASED-COMPONENT
AVN-52025,"Fuel Nozzle, Fwd Fuselage",BUY,EA,932.35,31,24.0,246.0,C,79936,DWG-AVN-52025,,ENGINEERING,BUYER-4,1.0,1,2026-09-21 14:38:00,SEAL
AVN-52026,"Static Seal, Wing Station 42",BUY,EA,214.5,36,39.0,63.0,B,64585,DWG-AVN-52026,,ENGINEERING,BUYER-7,1.0,1,2026-09-21 14:38:00,BEARING
AVN-52027,"Wire Harness, Flap Track",BUY,EA,529.45,33,18.0,94.0,C,55838,DWG-AVN-52027,,ENGINEERING,BUYER-2,1.0,1,2026-09-21 14:38:00,ELECTRICAL
AVN-52028,"Position Sensor, Nacelle Assy",BUY,EA,131.24,26,21.0,99.0,B,21443,DWG-AVN-52028,,ENGINEERING,BUYER-5,1.0,1,2026-09-21 14:38:00,PURCHASED-COMPONENT
AVN-52029,"Pressure Transducer, Empennage",BUY,EA,929.67,15,36.0,76.0,C,61044,DWG-AVN-52029,,ENGINEERING,BUYER-2,1.0,1,2026-09-21 14:38:00,SEAL
AVN-52030,"Wire Harness, Flap Track",BUY,EA,372.41,49,10.0,160.0,C,77758,DWG-AVN-52030,,ENGINEERING,BUYER-8,1.0,1,2026-09-21 14:38:00,ELECTRICAL
AVN-52031,"Static Seal, Wing Station 42",BUY,EA,718.26,44,23.0,61.0,A,72041,DWG-AVN-52031,,ENGINEERING,BUYER-3,1.0,1,2026-09-21 14:38:00,BEARING
AVN-52032,"Fuel Nozzle, Fwd Fuselage",BUY,EA,347.95,35,24.0,128.0,A,15792,DWG-AVN-52032,,ENGINEERING,BUYER-6,1.0,1,2026-09-21 14:38:00,SEAL
AVN-52033,"Duplex Bearing, MLG Bay",BUY,EA,254.48,31,17.0,71.0,B,14471,DWG-AVN-52033,,ENGINEERING,BUYER-9,1.0,1,2026-09-21 14:38:00,PURCHASED-COMPONENT
AVN-52034,"Relay Module, Aft Pylon",BUY,EA,714.93,19,38.0,114.0,C,58850,DWG-AVN-52034,,ENGINEERING,BUYER-4,1.0,1,2026-09-21 14:38:00,ELECTRICAL
AVN-52035,"Servo Valve, Center Wing Box",BUY,EA,661.42,37,27.0,119.0,C,17125,DWG-AVN-52035,,ENGINEERING,BUYER-3,1.0,1,2026-09-21 14:38:00,BEARING
HDW-53001,"Cotter Pin, Fwd Fuselage",HARDWARE,EA,739.07,44,8.0,114.0,C,67688,DWG-HDW-53001,,ENGINEERING,BUYER-4,1.0,1,2026-09-21 14:38:00,HARDWARE
HDW-53002,"Washer, Wing Station 42",HARDWARE,EA,705.62,23,23.0,27.0,A,33473,DWG-HDW-53002,,ENGINEERING,BUYER-7,1.0,1,2026-09-21 14:38:00,HARDWARE
HDW-53003,"Self-Locking Nut, Flap Track",HARDWARE,EA,897.69,8,42.0,144.0,A,12438,DWG-HDW-53003,,ENGINEERING,BUYER-2,1.0,1,2026-09-21 14:38:00,HARDWARE
HDW-53004,"Retaining Ring, Nacelle Assy",HARDWARE,EA,711.72,39,21.0,167.0,A,89411,DWG-HDW-53004,,ENGINEERING,BUYER-3,1.0,1,2026-09-21 14:38:00,HARDWARE
HDW-53005,"Hi-Lok Pin, Empennage",HARDWARE,EA,781.83,16,20.0,44.0,B,10580,DWG-HDW-53005,,ENGINEERING,BUYER-8,1.0,1,2026-09-21 14:38:00,HARDWARE
HDW-53006,"Blind Rivet, Center Wing Box",HARDWARE,EA,357.02,7,19.0,149.0,B,60669,DWG-HDW-53006,,ENGINEERING,BUYER-9,1.0,1,2026-09-21 14:38:00,HARDWARE
HDW-53007,"Clevis Pin, Aft Pylon",HARDWARE,EA,477.89,23,6.0,190.0,B,36314,DWG-HDW-53007,,ENGINEERING,BUYER-2,1.0,1,2026-09-21 14:38:00,HARDWARE
HDW-53008,"Shear Bolt, MLG Bay",HARDWARE,EA,878.32,41,25.0,73.0,A,72983,DWG-HDW-53008,,ENGINEERING,BUYER-3,1.0,1,2026-09-21 14:38:00,HARDWARE
HDW-53009,"Cotter Pin, Fwd Fuselage",HARDWARE,EA,532.67,49,8.0,60.0,A,96976,DWG-HDW-53009,,ENGINEERING,BUYER-8,1.0,1,2026-09-21 14:38:00,HARDWARE
HDW-53010,"Clevis Pin, Aft Pylon",HARDWARE,EA,718.85,15,6.0,84.0,B,72778,DWG-HDW-53010,,ENGINEERING,BUYER-8,1.0,1,2026-09-21 14:38:00,HARDWARE
HDW-53011,"Blind Rivet, Center Wing Box",HARDWARE,EA,870.14,23,27.0,173.0,B,51533,DWG-HDW-53011,,ENGINEERING,BUYER-9,1.0,1,2026-09-21 14:38:00,HARDWARE
HDW-53012,"Hi-Lok Pin, Empennage",HARDWARE,EA,204.23,30,20.0,148.0,B,19588,DWG-HDW-53012,,ENGINEERING,BUYER-8,1.0,1,2026-09-21 14:38:00,HARDWARE
HDW-53013,"Retaining Ring, Nacelle Assy",HARDWARE,EA,304.68,34,29.0,65.0,C,33859,DWG-HDW-53013,,ENGINEERING,BUYER-9,1.0,1,2026-09-21 14:38:00,HARDWARE
HDW-53014,"Self-Locking Nut, Flap Track",HARDWARE,EA,570.89,46,26.0,102.0,B,62678,DWG-HDW-53014,,ENGINEERING,BUYER-8,1.0,1,2026-09-21 14:38:00,HARDWARE
HDW-53015,"Washer, Wing Station 42",HARDWARE,EA,711.94,8,7.0,145.0,C,36481,DWG-HDW-53015,,ENGINEERING,BUYER-1,1.0,1,2026-09-21 14:38:00,HARDWARE
HDW-53016,"Cotter Pin, Fwd Fuselage",HARDWARE,EA,934.91,27,40.0,114.0,B,31864,DWG-HDW-53016,,ENGINEERING,BUYER-6,1.0,1,2026-09-21 14:38:00,HARDWARE
HDW-53017,"Shear Bolt, MLG Bay",HARDWARE,EA,636.64,33,41.0,199.0,C,10063,DWG-HDW-53017,,ENGINEERING,BUYER-7,1.0,1,2026-09-21 14:38:00,HARDWARE
HDW-53018,"Clevis Pin, Aft Pylon",HARDWARE,EA,705.65,40,38.0,194.0,C,66450,DWG-HDW-53018,,ENGINEERING,BUYER-8,1.0,1,2026-09-21 14:38:00,HARDWARE
HDW-53019,"Blind Rivet, Center Wing Box",HARDWARE,EA,462.86,13,35.0,237.0,C,20197,DWG-HDW-53019,,ENGINEERING,BUYER-5,1.0,1,2026-09-21 14:38:00,HARDWARE
HDW-53020,"Hi-Lok Pin, Empennage",HARDWARE,EA,795.19,19,12.0,92.0,A,13252,DWG-HDW-53020,,ENGINEERING,BUYER-10,1.0,1,2026-09-21 14:38:00,HARDWARE
RMT-54001,"Aluminum Extrusion, Fwd Fuselage",RAW,IN,712.67,25,40.0,86.0,A,99632,DWG-RMT-54001,2024-T3,ENGINEERING,BUYER-10,1.0,1,2026-09-21 14:38:00,RAW-METAL
RMT-54002,"Inconel Rod, Wing Station 42",RAW,IN,606.5,26,31.0,141.0,A,18521,DWG-RMT-54002,304 SS,ENGINEERING,BUYER-1,1.0,1,2026-09-21 14:38:00,RAW-METAL
RMT-54003,"Aluminum Extrusion, Flap Track",RAW,LB,52.65,17,26.0,66.0,A,80046,DWG-RMT-54003,AMS 4911,ENGINEERING,BUYER-2,1.0,1,2026-09-21 14:38:00,RAW-METAL
RMT-54004,"Aluminum Plate, Nacelle Assy",RAW,LB,877.32,26,37.0,159.0,B,69899,DWG-RMT-54004,4130 Steel,ENGINEERING,BUYER-3,1.0,1,2026-09-21 14:38:00,RAW-METAL
RMT-54005,"Stainless Bar, Empennage",RAW,LB,150.71,21,36.0,94.0,B,33676,DWG-RMT-54005,7075-T7351,ENGINEERING,BUYER-8,1.0,1,2026-09-21 14:38:00,RAW-METAL
RMT-54006,"Inconel Rod, Center Wing Box",RAW,FT,263.18,32,35.0,239.0,B,20533,DWG-RMT-54006,AMS 5510,ENGINEERING,BUYER-3,1.0,1,2026-09-21 14:38:00,RAW-METAL
RMT-54007,"Titanium Sheet, Aft Pylon",RAW,IN,341.73,8,22.0,196.0,B,54226,DWG-RMT-54007,AMS 5662,ENGINEERING,BUYER-6,1.0,1,2026-09-21 14:38:00,RAW-METAL
RMT-54008,"Steel Tube, MLG Bay",RAW,LB,551.52,23,25.0,117.0,C,58159,DWG-RMT-54008,6061-T6,ENGINEERING,BUYER-5,1.0,1,2026-09-21 14:38:00,RAW-METAL
RMT-54009,"Stainless Bar, Fwd Fuselage",RAW,IN,603.63,31,16.0,88.0,C,59208,DWG-RMT-54009,2024-T3,ENGINEERING,BUYER-2,1.0,1,2026-09-21 14:38:00,RAW-METAL
RMT-54010,"Titanium Sheet, Aft Pylon",RAW,IN,133.81,47,14.0,80.0,B,98130,DWG-RMT-54010,AMS 5662,ENGINEERING,BUYER-2,1.0,1,2026-09-21 14:38:00,RAW-METAL
RMT-54011,"Steel Tube, Center Wing Box",RAW,FT,181.98,43,27.0,219.0,C,38725,DWG-RMT-54011,AMS 5510,ENGINEERING,BUYER-5,1.0,1,2026-09-21 14:38:00,RAW-METAL
RMT-54012,"Stainless Bar, Empennage",RAW,IN,667.35,23,28.0,188.0,A,49436,DWG-RMT-54012,7075-T7351,ENGINEERING,BUYER-8,1.0,1,2026-09-21 14:38:00,RAW-METAL
RMT-54013,"Steel Tube, Nacelle Assy",RAW,FT,860.28,30,29.0,71.0,B,10107,DWG-RMT-54013,4130 Steel,ENGINEERING,BUYER-1,1.0,1,2026-09-21 14:38:00,RAW-METAL
RMT-54014,"Stainless Bar, Flap Track",RAW,FT,252.41,15,26.0,100.0,B,71182,DWG-RMT-54014,AMS 4911,ENGINEERING,BUYER-6,1.0,1,2026-09-21 14:38:00,RAW-METAL
RMT-54015,"Steel Tube, Wing Station 42",RAW,IN,699.3,9,7.0,71.0,C,47849,DWG-RMT-54015,304 SS,ENGINEERING,BUYER-9,1.0,1,2026-09-21 14:38:00,RAW-METAL
OSP-55001,"Passivate Manifold, Flap Track",OUTSIDE_SERVICE,EA,24.65,17,26.0,228.0,A,26366,DWG-OSP-55001,,ENGINEERING,BUYER-4,1.0,1,2026-09-21 14:38:00,OSP-THERMAL
OSP-55002,"Anodize Detail, MLG Bay",OUTSIDE_SERVICE,EA,664.64,47,33.0,101.0,C,94551,DWG-OSP-55002,,ENGINEERING,BUYER-3,1.0,1,2026-09-21 14:38:00,OSP-FINISHING
OSP-55003,"Heat-Treat Lot, Fwd Fuselage",OUTSIDE_SERVICE,EA,570.51,24,40.0,146.0,A,92112,DWG-OSP-55003,,ENGINEERING,BUYER-2,1.0,1,2026-09-21 14:38:00,OSP-NDT
OSP-55004,"Passivate Manifold, Center Wing Box",OUTSIDE_SERVICE,EA,256.7,31,43.0,143.0,C,47397,DWG-OSP-55004,,ENGINEERING,BUYER-3,1.0,1,2026-09-21 14:38:00,OSP-NDT
OSP-55005,"Heat-Treat Lot, Aft Pylon",OUTSIDE_SERVICE,EA,40.69,8,22.0,182.0,C,77170,DWG-OSP-55005,,ENGINEERING,BUYER-4,1.0,1,2026-09-21 14:38:00,OSP-THERMAL
BRKT-70001,"Angle Bracket, Machined Detail",MAKE,EA,24.85,12,10.0,16.0,B,1CQD7,DWG-BRKT-70001,6061-T6,ENGINEERING,,1.0,1,2026-09-21 14:38:01,MACHINED-DETAIL
